{
  "home": {
    "j1": -2585.0,
    "j2": 9331.0,
    "j3": -4724.0,
    "j4": 2560.0,
    "j5": 1136.0,
    "j6": 3688.0
  },
  "pre_grasp": {
    "j1": -10114.000000000002,
    "j2": 116194.00000000001,
    "j3": -28984.999999999996,
    "j4": -16571.0,
    "j5": -74481.0,
    "j6": 0.0
  },
  "grasp": {
    "j1": -10843.999999999998,
    "j2": 114778.00000000001,
    "j3": -30367.0,
    "j4": -14400.0,
    "j5": -74497.0,
    "j6": -2669.0
  },
  "lift": {
    "j1": -907.0,
    "j2": 80101.0,
    "j3": -93603.0,
    "j4": 7641.0,
    "j5": 20919.0,
    "j6": -3703.0
  },
  "pre_deliver": {
    "j1": -132.0,
    "j2": 136069.0,
    "j3": -148991.0,
    "j4": -2824.0,
    "j5": 17153.0,
    "j6": 954.0
  },
  "deliver": {
    "j1": -2447.0,
    "j2": 144580.0,
    "j3": -148991.0,
    "j4": -4539.0,
    "j5": 11164.0,
    "j6": 843.0
  }
}